{
    "exp": {
        "0": {
            "breakpoints": [
                -5.0,
                -3.0,
                -2.0,
                -2.0,
                -1.0,
                -1.0,
                -0.0
            ],
            "slopes": [
                0.0,
                0.015625,
                0.0625,
                0.109375,
                0.203125,
                0.390625,
                0.625,
                0.875
            ],
            "intercept": [
                0.0,
                0.078125,
                0.234375,
                0.359375,
                0.53125,
                0.765625,
                0.921875,
                1.0
            ]
        },
        "1": {
            "breakpoints": [
                -5.0,
                -3.5,
                -2.5,
                -2.0,
                -1.0,
                -0.5,
                -0.5
            ],
            "slopes": [
                0.0,
                0.015625,
                0.0625,
                0.109375,
                0.203125,
                0.390625,
                0.625,
                0.875
            ],
            "intercept": [
                0.0,
                0.078125,
                0.234375,
                0.359375,
                0.53125,
                0.765625,
                0.921875,
                1.0
            ]
        },
        "2": {
            "breakpoints": [
                -5.25,
                -3.5,
                -2.25,
                -2.0,
                -1.25,
                -0.75,
                -0.25
            ],
            "slopes": [
                0.0,
                0.015625,
                0.0625,
                0.109375,
                0.203125,
                0.390625,
                0.625,
                0.875
            ],
            "intercept": [
                0.0,
                0.078125,
                0.234375,
                0.359375,
                0.53125,
                0.765625,
                0.921875,
                1.0
            ]
        },
        "3": {
            "breakpoints": [
                -5.25,
                -3.5,
                -2.375,
                -2.0,
                -1.25,
                -0.625,
                -0.25
            ],
            "slopes": [
                0.0,
                0.015625,
                0.0625,
                0.109375,
                0.203125,
                0.390625,
                0.625,
                0.875
            ],
            "intercept": [
                0.0,
                0.078125,
                0.234375,
                0.359375,
                0.53125,
                0.765625,
                0.921875,
                1.0
            ]
        },
        "4": {
            "breakpoints": [
                -5.25,
                -3.4375,
                -2.3125,
                -2.0,
                -1.25,
                -0.6875,
                -0.3125
            ],
            "slopes": [
                0.0,
                0.015625,
                0.0625,
                0.109375,
                0.203125,
                0.390625,
                0.625,
                0.875
            ],
            "intercept": [
                0.0,
                0.078125,
                0.234375,
                0.359375,
                0.53125,
                0.765625,
                0.921875,
                1.0
            ]
        },
        "5": {
            "breakpoints": [
                -5.25,
                -3.4375,
                -2.34375,
                -2.0,
                -1.25,
                -0.65625,
                -0.28125
            ],
            "slopes": [
                0.0,
                0.015625,
                0.0625,
                0.109375,
                0.203125,
                0.390625,
                0.625,
                0.875
            ],
            "intercept": [
                0.0,
                0.078125,
                0.234375,
                0.359375,
                0.53125,
                0.765625,
                0.921875,
                1.0
            ]
        },
        "6": {
            "breakpoints": [
                -5.25,
                -3.4375,
                -2.328125,
                -2.0,
                -1.25,
                -0.671875,
                -0.296875
            ],
            "slopes": [
                0.0,
                0.015625,
                0.0625,
                0.109375,
                0.203125,
                0.390625,
                0.625,
                0.875
            ],
            "intercept": [
                0.0,
                0.078125,
                0.234375,
                0.359375,
                0.53125,
                0.765625,
                0.921875,
                1.0
            ]
        }
    }
}