{
    "exp": {
        "0": {
            "breakpoints": [
                -6.0,
                -6.0,
                -6.0,
                -6.0,
                -6.0,
                -4.0,
                -3.0,
                -2.0,
                -2.0,
                -1.0,
                -1.0,
                -1.0,
                -0.0,
                -0.0,
                -0.0
            ],
            "slopes": [
                0.0,
                0.0,
                0.0,
                0.0,
                0.0,
                0.015625,
                0.03125,
                0.0625,
                0.140625,
                0.234375,
                0.296875,
                0.375,
                0.5625,
                0.703125,
                0.8125,
                0.953125
            ],
            "intercept": [
                0.0,
                0.015625,
                0.015625,
                0.0,
                0.015625,
                0.078125,
                0.140625,
                0.234375,
                0.421875,
                0.578125,
                0.65625,
                0.75,
                0.890625,
                0.953125,
                0.984375,
                1.0
            ]
        },
        "1": {
            "breakpoints": [
                -6.0,
                -6.0,
                -5.5,
                -5.5,
                -5.5,
                -3.5,
                -3.5,
                -2.5,
                -1.5,
                -1.0,
                -1.0,
                -1.0,
                -0.5,
                -0.5,
                -0.0
            ],
            "slopes": [
                0.0,
                0.0,
                0.0,
                0.0,
                0.0,
                0.015625,
                0.03125,
                0.0625,
                0.140625,
                0.234375,
                0.296875,
                0.375,
                0.5625,
                0.703125,
                0.8125,
                0.953125
            ],
            "intercept": [
                0.0,
                0.015625,
                0.015625,
                0.0,
                0.015625,
                0.078125,
                0.140625,
                0.234375,
                0.421875,
                0.578125,
                0.65625,
                0.75,
                0.890625,
                0.953125,
                0.984375,
                1.0
            ]
        },
        "2": {
            "breakpoints": [
                -5.75,
                -5.75,
                -5.75,
                -5.75,
                -5.75,
                -3.5,
                -3.25,
                -2.5,
                -1.75,
                -1.25,
                -1.25,
                -0.75,
                -0.5,
                -0.25,
                -0.0
            ],
            "slopes": [
                0.0,
                0.0,
                0.0,
                0.0,
                0.0,
                0.015625,
                0.03125,
                0.0625,
                0.140625,
                0.234375,
                0.296875,
                0.375,
                0.5625,
                0.703125,
                0.8125,
                0.953125
            ],
            "intercept": [
                0.0,
                0.015625,
                0.015625,
                0.0,
                0.015625,
                0.078125,
                0.140625,
                0.234375,
                0.421875,
                0.578125,
                0.65625,
                0.75,
                0.890625,
                0.953125,
                0.984375,
                1.0
            ]
        },
        "3": {
            "breakpoints": [
                -5.75,
                -5.75,
                -5.75,
                -5.75,
                -5.625,
                -3.5,
                -3.375,
                -2.375,
                -1.625,
                -1.25,
                -1.25,
                -0.75,
                -0.375,
                -0.375,
                -0.125
            ],
            "slopes": [
                0.0,
                0.0,
                0.0,
                0.0,
                0.0,
                0.015625,
                0.03125,
                0.0625,
                0.140625,
                0.234375,
                0.296875,
                0.375,
                0.5625,
                0.703125,
                0.8125,
                0.953125
            ],
            "intercept": [
                0.0,
                0.015625,
                0.015625,
                0.0,
                0.015625,
                0.078125,
                0.140625,
                0.234375,
                0.421875,
                0.578125,
                0.65625,
                0.75,
                0.890625,
                0.953125,
                0.984375,
                1.0
            ]
        },
        "4": {
            "breakpoints": [
                -5.8125,
                -5.75,
                -5.6875,
                -5.6875,
                -5.625,
                -3.5,
                -3.375,
                -2.375,
                -1.625,
                -1.25,
                -1.1875,
                -0.8125,
                -0.375,
                -0.3125,
                -0.0625
            ],
            "slopes": [
                0.0,
                0.0,
                0.0,
                0.0,
                0.0,
                0.015625,
                0.03125,
                0.0625,
                0.140625,
                0.234375,
                0.296875,
                0.375,
                0.5625,
                0.703125,
                0.8125,
                0.953125
            ],
            "intercept": [
                0.0,
                0.015625,
                0.015625,
                0.0,
                0.015625,
                0.078125,
                0.140625,
                0.234375,
                0.421875,
                0.578125,
                0.65625,
                0.75,
                0.890625,
                0.953125,
                0.984375,
                1.0
            ]
        },
        "5": {
            "breakpoints": [
                -5.8125,
                -5.78125,
                -5.6875,
                -5.6875,
                -5.65625,
                -3.5,
                -3.375,
                -2.375,
                -1.65625,
                -1.25,
                -1.1875,
                -0.8125,
                -0.375,
                -0.3125,
                -0.09375
            ],
            "slopes": [
                0.0,
                0.0,
                0.0,
                0.0,
                0.0,
                0.015625,
                0.03125,
                0.0625,
                0.140625,
                0.234375,
                0.296875,
                0.375,
                0.5625,
                0.703125,
                0.8125,
                0.953125
            ],
            "intercept": [
                0.0,
                0.015625,
                0.015625,
                0.0,
                0.015625,
                0.078125,
                0.140625,
                0.234375,
                0.421875,
                0.578125,
                0.65625,
                0.75,
                0.890625,
                0.953125,
                0.984375,
                1.0
            ]
        },