{
    "exp": {
        "0": {
            "split_points": [
                -5.0,
                -5.0,
                -5.0,
                -4.0,
                -4.0,
                -3.0,
                -3.0,
                -2.0,
                -2.0,
                -2.0,
                -1.0,
                -1.0,
                -1.0,
                -0.0,
                -0.0
            ],
            "coeff": [
                0.0,
                0.0,
                0.0,
                0.015625,
                0.03125,
                0.03125,
                0.046875,
                0.0625,
                0.09375,
                0.125,
                0.203125,
                0.359375,
                0.515625,
                0.625,
                0.75,
                0.921875
            ],
            "bias": [
                0.0,
                0.0,
                0.0,
                0.078125,
                0.109375,
                0.140625,
                0.1875,
                0.234375,
                0.3125,
                0.390625,
                0.53125,
                0.734375,
                0.859375,
                0.921875,
                0.96875,
                1.0
            ]
        },
        "1": {
            "split_points": [
                -5.0,
                -5.0,
                -5.0,
                -3.5,
                -3.5,
                -3.0,
                -3.0,
                -2.5,
                -2.5,
                -2.0,
                -1.5,
                -1.0,
                -0.5,
                -0.5,
                -0.0
            ],
            "coeff": [
                0.0,
                0.0,
                0.0,
                0.015625,
                0.03125,
                0.03125,
                0.046875,
                0.0625,
                0.09375,
                0.125,
                0.203125,
                0.359375,
                0.515625,
                0.625,
                0.75,
                0.921875
            ],
            "bias": [
                0.0,
                0.0,
                0.0,
                0.078125,
                0.109375,
                0.140625,
                0.1875,
                0.234375,
                0.3125,
                0.390625,
                0.53125,
                0.734375,
                0.859375,
                0.921875,
                0.96875,
                1.0
            ]
        },
        "2": {
            "split_points": [
                -5.25,
                -5.25,
                -5.25,
                -3.75,
                -3.75,
                -3.0,
                -3.0,
                -2.5,
                -2.25,
                -2.0,
                -1.25,
                -0.75,
                -0.5,
                -0.5,
                -0.25
            ],
            "coeff": [
                0.0,
                0.0,
                0.0,
                0.015625,
                0.03125,
                0.03125,
                0.046875,
                0.0625,
                0.09375,
                0.125,
                0.203125,
                0.359375,
                0.515625,
                0.625,
                0.75,
                0.921875
            ],
            "bias": [
                0.0,
                0.0,
                0.0,
                0.078125,
                0.109375,
                0.140625,
                0.1875,
                0.234375,
                0.3125,
                0.390625,
                0.53125,
                0.734375,
                0.859375,
                0.921875,
                0.96875,
                1.0
            ]
        },
        "3": {
            "split_points": [
                -5.25,
                -5.25,
                -5.25,
                -3.75,
                -3.75,
                -3.125,
                -3.0,
                -2.5,
                -2.375,
                -1.875,
                -1.375,
                -0.75,
                -0.5,
                -0.375,
                -0.125
            ],
            "coeff": [
                0.0,
                0.0,
                0.0,
                0.015625,
                0.03125,
                0.03125,
                0.046875,
                0.0625,
                0.09375,
                0.125,
                0.203125,
                0.359375,
                0.515625,
                0.625,
                0.75,
                0.921875
            ],
            "bias": [
                0.0,
                0.0,
                0.0,
                0.078125,
                0.109375,
                0.140625,
                0.1875,
                0.234375,
                0.3125,
                0.390625,
                0.53125,
                0.734375,
                0.859375,
                0.921875,
                0.96875,
                1.0
            ]
        },
        "4": {
            "split_points": [
                -5.1875,
                -5.1875,
                -5.1875,
                -3.75,
                -3.75,
                -3.125,
                -3.0,
                -2.5,
                -2.3125,
                -1.875,
                -1.3125,
                -0.75,
                -0.5625,
                -0.375,
                -0.1875
            ],
            "coeff": [
                0.0,
                0.0,
                0.0,
                0.015625,
                0.03125,
                0.03125,
                0.046875,
                0.0625,
                0.09375,
                0.125,
                0.203125,
                0.359375,
                0.515625,
                0.625,
                0.75,
                0.921875
            ],
            "bias": [
                0.0,
                0.0,
                0.0,
                0.078125,
                0.109375,
                0.140625,
                0.1875,
                0.234375,
                0.3125,
                0.390625,
                0.53125,
                0.734375,
                0.859375,
                0.921875,
                0.96875,
                1.0
            ]
        },
        "5": {
            "split_points": [
                -5.1875,
                -5.1875,
                -5.1875,
                -3.75,
                -3.75,
                -3.09375,
                -3.03125,
                -2.5,
                -2.3125,
                -1.875,
                -1.34375,
                -0.78125,
                -0.5625,
                -0.40625,
                -0.1875
            ],
            "coeff": [
                0.0,
                0.0,
                0.0,
                0.015625,
                0.03125,
                0.03125,
                0.046875,
                0.0625,
                0.09375,
                0.125,
                0.203125,
                0.359375,
                0.515625,
                0.625,
                0.75,
                0.921875
            ],
            "bias": [
                0.0,
                0.0,
                0.0,
                0.078125,
                0.109375,
                0.140625,
                0.1875,
                0.234375,
                0.3125,
                0.390625,
                0.53125,
                0.734375,
                0.859375,
                0.921875,
                0.96875,
                1.0
            ]
        },