{
    "exp": {
        "0": {
            "split_points": [
                -5.0,
                -3.0,
                -2.0,
                -1.0,
                -1.0,
                -0.0,
                -0.0
            ],
            "coeff": [
                0.0,
                0.015625,
                0.078125,
                0.203125,
                0.375,
                0.5625,
                0.75,
                0.921875
            ],
            "bias": [
                0.0,
                0.078125,
                0.28125,
                0.53125,
                0.75,
                0.890625,
                0.96875,
                1.0
            ]
        },
        "1": {
            "split_points": [
                -5.0,
                -3.5,
                -2.0,
                -1.5,
                -1.0,
                -0.5,
                -0.0
            ],
            "coeff": [
                0.0,
                0.015625,
                0.078125,
                0.203125,
                0.375,
                0.5625,
                0.75,
                0.921875
            ],
            "bias": [
                0.0,
                0.078125,
                0.28125,
                0.53125,
                0.75,
                0.890625,
                0.96875,
                1.0
            ]
        },
        "2": {
            "split_points": [
                -5.25,
                -3.5,
                -2.0,
                -1.25,
                -0.75,
                -0.5,
                -0.25
            ],
            "coeff": [
                0.0,
                0.015625,
                0.078125,
                0.203125,
                0.375,
                0.5625,
                0.75,
                0.921875
            ],
            "bias": [
                0.0,
                0.078125,
                0.28125,
                0.53125,
                0.75,
                0.890625,
                0.96875,
                1.0
            ]
        },
        "3": {
            "split_points": [
                -5.125,
                -3.375,
                -2.0,
                -1.25,
                -0.75,
                -0.375,
                -0.125
            ],
            "coeff": [
                0.0,
                0.015625,
                0.078125,
                0.203125,
                0.375,
                0.5625,
                0.75,
                0.921875
            ],
            "bias": [
                0.0,
                0.078125,
                0.28125,
                0.53125,
                0.75,
                0.890625,
                0.96875,
                1.0
            ]
        },
        "4": {
            "split_points": [
                -5.1875,
                -3.4375,
                -2.0,
                -1.25,
                -0.75,
                -0.4375,
                -0.1875
            ],
            "coeff": [
                0.0,
                0.015625,
                0.078125,
                0.203125,
                0.375,
                0.5625,
                0.75,
                0.921875
            ],
            "bias": [
                0.0,
                0.078125,
                0.28125,
                0.53125,
                0.75,
                0.890625,
                0.96875,
                1.0
            ]
        },
        "5": {
            "split_points": [
                -5.1875,
                -3.40625,
                -2.0,
                -1.25,
                -0.75,
                -0.40625,
                -0.1875
            ],
            "coeff": [
                0.0,
                0.015625,
                0.078125,
                0.203125,
                0.375,
                0.5625,
                0.75,
                0.921875
            ],
            "bias": [
                0.0,
                0.078125,
                0.28125,
                0.53125,
                0.75,
                0.890625,
                0.96875,
                1.0
            ]
        },
        "6": {
            "split_points": [
                -5.1875,
                -3.40625,
                -2.0,
                -1.265625,
                -0.75,
                -0.421875,
                -0.171875
            ],
            "coeff": [
                0.0,
                0.015625,
                0.078125,
                0.203125,
                0.375,
                0.5625,
                0.75,
                0.921875
            ],
            "bias": [
                0.0,
                0.078125,
                0.28125,
                0.53125,
                0.75,
                0.890625,
                0.96875,
                1.0
            ]
        }
    }
}