{
    "gelu": {
        "0": {
            "split_points": [
                -4.0,
                -3.0,
                -3.0,
                -2.0,
                -1.0,
                -0.0,
                -0.0,
                0.0,
                0.0,
                1.0,
                1.0,
                2.0,
                2.0,
                2.0,
                4.0
            ],
            "coeff": [
                -0.0,
                -0.0,
                -0.0,
                -0.03125,
                -0.109375,
                0.03125,
                0.265625,
                0.453125,
                0.578125,
                0.78125,
                0.984375,
                1.109375,
                1.078125,
                1.046875,
                1.015625,
                1.0
            ],
            "bias": [
                -0.0,
                -0.0,
                -0.015625,
                -0.09375,
                -0.265625,
                -0.140625,
                -0.03125,
                0.0,
                0.0,
                -0.046875,
                -0.15625,
                -0.265625,
                -0.203125,
                -0.125,
                -0.046875,
                -0.0
            ]
        },
        "1": {
            "split_points": [
                -4.0,
                -3.5,
                -3.5,
                -2.0,
                -1.0,
                -0.5,
                -0.0,
                0.0,
                0.0,
                0.5,
                1.0,
                2.0,
                2.5,
                2.5,
                3.5
            ],
            "coeff": [
                -0.0,
                -0.0,
                -0.0,
                -0.03125,
                -0.109375,
                0.03125,
                0.265625,
                0.453125,
                0.578125,
                0.78125,
                0.984375,
                1.109375,
                1.078125,
                1.046875,
                1.015625,
                1.0
            ],
            "bias": [
                -0.0,
                -0.0,
                -0.015625,
                -0.09375,
                -0.265625,
                -0.140625,
                -0.03125,
                0.0,
                0.0,
                -0.046875,
                -0.15625,
                -0.265625,
                -0.203125,
                -0.125,
                -0.046875,
                -0.0
            ]
        },
        "2": {
            "split_points": [
                -4.0,
                -3.25,
                -3.25,
                -2.25,
                -1.0,
                -0.5,
                -0.25,
                0.0,
                0.25,
                0.5,
                1.0,
                1.75,
                2.5,
                2.5,
                3.75
            ],
            "coeff": [
                -0.0,
                -0.0,
                -0.0,
                -0.03125,
                -0.109375,
                0.03125,
                0.265625,
                0.453125,
                0.578125,
                0.78125,
                0.984375,
                1.109375,
                1.078125,
                1.046875,
                1.015625,
                1.0
            ],
            "bias": [
                -0.0,
                -0.0,
                -0.015625,
                -0.09375,
                -0.265625,
                -0.140625,
                -0.03125,
                0.0,
                0.0,
                -0.046875,
                -0.15625,
                -0.265625,
                -0.203125,
                -0.125,
                -0.046875,
                -0.0
            ]
        },
        "3": {
            "split_points": [
                -4.0,
                -3.375,
                -3.375,
                -2.125,
                -0.875,
                -0.5,
                -0.125,
                0.0,
                0.25,
                0.5,
                1.0,
                1.75,
                2.375,
                2.5,
                3.625
            ],
            "coeff": [
                -0.0,
                -0.0,
                -0.0,
                -0.03125,
                -0.109375,
                0.03125,
                0.265625,
                0.453125,
                0.578125,
                0.78125,
                0.984375,
                1.109375,
                1.078125,
                1.046875,
                1.015625,
                1.0
            ],
            "bias": [
                -0.0,
                -0.0,
                -0.015625,
                -0.09375,
                -0.265625,
                -0.140625,
                -0.03125,
                0.0,
                0.0,
                -0.046875,
                -0.15625,
                -0.265625,
                -0.203125,
                -0.125,
                -0.046875,
                -0.0
            ]
        },
        "4": {
            "split_points": [
                -4.0,
                -3.375,
                -3.3125,
                -2.1875,
                -0.875,
                -0.5,
                -0.125,
                0.0,
                0.1875,
                0.5,
                1.0,
                1.8125,
                2.4375,
                2.4375,
                3.6875
            ],
            "coeff": [
                -0.0,
                -0.0,
                -0.0,
                -0.03125,
                -0.109375,
                0.03125,
                0.265625,
                0.453125,
                0.578125,
                0.78125,
                0.984375,
                1.109375,
                1.078125,
                1.046875,
                1.015625,
                1.0
            ],
            "bias": [
                -0.0,
                -0.0,
                -0.015625,
                -0.09375,
                -0.265625,
                -0.140625,
                -0.03125,
                0.0,
                0.0,
                -0.046875,
                -0.15625,
                -0.265625,
                -0.203125,
                -0.125,
                -0.046875,
                -0.0
            ]
        },
        "5": {
            "split_points": [
                -4.0,
                -3.34375,
                -3.3125,
                -2.15625,
                -0.90625,
                -0.5,
                -0.125,
                0.0,
                0.21875,
                0.53125,
                0.96875,
                1.8125,
                2.4375,
                2.4375,
                3.6875
            ],
            "coeff": [
                -0.0,
                -0.0,
                -0.0,
                -0.03125,
                -0.109375,
                0.03125,
                0.265625,
                0.453125,
                0.578125,
                0.78125,
                0.984375,
                1.109375,
                1.078125,
                1.046875,
                1.015625,
                1.0
            ],
            "bias": [
                -0.0,
                -0.0,
                -0.015625,
                -0.09375,
                -0.265625,
                -0.140625,
                -0.03125,
                0.0,
                0.0,
                -0.046875,
                -0.15625,
                -0.265625,
                -0.203125,
                -0.125,
                -0.046875,
                -0.0
            ]
        },