{
    "gelu": {
        "0": {
            "breakpoints": [
                -3.0,
                -2.0,
                -1.0,
                -0.0,
                0.0,
                1.0,
                3.0
            ],
            "slopes": [
                -0.0,
                -0.03125,
                -0.109375,
                0.046875,
                0.359375,
                0.75,
                1.078125,
                1.0
            ],
            "intercept": [
                -0.0,
                -0.09375,
                -0.265625,
                -0.125,
                0.0,
                -0.015625,
                -0.21875,
                -0.0
            ]
        },
        "1": {
            "breakpoints": [
                -3.0,
                -2.0,
                -1.0,
                -0.5,
                0.0,
                0.5,
                3.0
            ],
            "slopes": [
                -0.0,
                -0.03125,
                -0.109375,
                0.046875,
                0.359375,
                0.75,
                1.078125,
                1.0
            ],
            "intercept": [
                -0.0,
                -0.09375,
                -0.265625,
                -0.125,
                0.0,
                -0.015625,
                -0.21875,
                -0.0
            ]
        },
        "2": {
            "breakpoints": [
                -3.0,
                -2.25,
                -1.0,
                -0.5,
                0.0,
                0.75,
                2.75
            ],
            "slopes": [
                -0.0,
                -0.03125,
                -0.109375,
                0.046875,
                0.359375,
                0.75,
                1.078125,
                1.0
            ],
            "intercept": [
                -0.0,
                -0.09375,
                -0.265625,
                -0.125,
                0.0,
                -0.015625,
                -0.21875,
                -0.0
            ]
        },
        "3": {
            "breakpoints": [
                -3.0,
                -2.25,
                -0.875,
                -0.375,
                0.0,
                0.625,
                2.75
            ],
            "slopes": [
                -0.0,
                -0.03125,
                -0.109375,
                0.046875,
                0.359375,
                0.75,
                1.078125,
                1.0
            ],
            "intercept": [
                -0.0,
                -0.09375,
                -0.265625,
                -0.125,
                0.0,
                -0.015625,
                -0.21875,
                -0.0
            ]
        },
        "4": {
            "breakpoints": [
                -3.0,
                -2.1875,
                -0.875,
                -0.4375,
                0.0625,
                0.625,
                2.8125
            ],
            "slopes": [
                -0.0,
                -0.03125,
                -0.109375,
                0.046875,
                0.359375,
                0.75,
                1.078125,
                1.0
            ],
            "intercept": [
                -0.0,
                -0.09375,
                -0.265625,
                -0.125,
                0.0,
                -0.015625,
                -0.21875,
                -0.0
            ]
        },
        "5": {
            "breakpoints": [
                -3.03125,
                -2.21875,
                -0.90625,
                -0.40625,
                0.03125,
                0.625,
                2.8125
            ],
            "slopes": [
                -0.0,
                -0.03125,
                -0.109375,
                0.046875,
                0.359375,
                0.75,
                1.078125,
                1.0
            ],
            "intercept": [
                -0.0,
                -0.09375,
                -0.265625,
                -0.125,
                0.0,
                -0.015625,
                -0.21875,
                -0.0
            ]
        },
        "6": {
            "breakpoints": [
                -3.015625,
                -2.203125,
                -0.890625,
                -0.421875,
                0.03125,
                0.625,
                2.796875
            ],
            "slopes": [
                -0.0,
                -0.03125,
                -0.109375,
                0.046875,
                0.359375,
                0.75,
                1.078125,
                1.0
            ],
            "intercept": [
                -0.0,
                -0.09375,
                -0.265625,
                -0.125,
                0.0,
                -0.015625,
                -0.21875,
                -0.0
            ]
        }
    }
}