{
    "hswish": {
        "0": {
            "split_points": [
                -3.0,
                -3.0,
                -2.0,
                -2.0,
                -2.0,
                -1.0,
                -1.0,
                -0.0,
                0.0,
                1.0,
                1.0,
                2.0,
                2.0,
                2.0,
                3.0
            ],
            "coeff": [
                0.0,
                0.0,
                -0.40625,
                -0.25,
                -0.125,
                -0.0,
                0.15625,
                0.34375,
                0.484375,
                0.625,
                0.765625,
                0.921875,
                1.0625,
                1.203125,
                1.390625,
                1.0
            ],
            "bias": [
                0.0,
                0.0,
                -1.234375,
                -0.84375,
                -0.578125,
                -0.375,
                -0.171875,
                -0.03125,
                0.0,
                -0.015625,
                -0.109375,
                -0.265625,
                -0.46875,
                -0.734375,
                -1.1875,
                -0.0
            ]
        },
        "1": {
            "split_points": [
                -3.5,
                -3.0,
                -2.5,
                -2.0,
                -1.5,
                -1.5,
                -1.0,
                -0.0,
                0.0,
                0.5,
                1.0,
                1.5,
                2.0,
                2.5,
                3.0
            ],
            "coeff": [
                0.0,
                0.0,
                -0.40625,
                -0.25,
                -0.125,
                -0.0,
                0.15625,
                0.34375,
                0.484375,
                0.625,
                0.765625,
                0.921875,
                1.0625,
                1.203125,
                1.390625,
                1.0
            ],
            "bias": [
                0.0,
                0.0,
                -1.234375,
                -0.84375,
                -0.578125,
                -0.375,
                -0.171875,
                -0.03125,
                0.0,
                -0.015625,
                -0.109375,
                -0.265625,
                -0.46875,
                -0.734375,
                -1.1875,
                -0.0
            ]
        },
        "2": {
            "split_points": [
                -3.25,
                -3.0,
                -2.5,
                -2.0,
                -1.75,
                -1.25,
                -0.75,
                -0.25,
                0.25,
                0.5,
                1.0,
                1.5,
                1.75,
                2.5,
                3.0
            ],
            "coeff": [
                0.0,
                0.0,
                -0.40625,
                -0.25,
                -0.125,
                -0.0,
                0.15625,
                0.34375,
                0.484375,
                0.625,
                0.765625,
                0.921875,
                1.0625,
                1.203125,
                1.390625,
                1.0
            ],
            "bias": [
                0.0,
                0.0,
                -1.234375,
                -0.84375,
                -0.578125,
                -0.375,
                -0.171875,
                -0.03125,
                0.0,
                -0.015625,
                -0.109375,
                -0.265625,
                -0.46875,
                -0.734375,
                -1.1875,
                -0.0
            ]
        },
        "3": {
            "split_points": [
                -3.25,
                -3.0,
                -2.5,
                -2.0,
                -1.625,
                -1.375,
                -0.75,
                -0.25,
                0.125,
                0.625,
                1.0,
                1.5,
                1.875,
                2.375,
                3.0
            ],
            "coeff": [
                0.0,
                0.0,
                -0.40625,
                -0.25,
                -0.125,
                -0.0,
                0.15625,
                0.34375,
                0.484375,
                0.625,
                0.765625,
                0.921875,
                1.0625,
                1.203125,
                1.390625,
                1.0
            ],
            "bias": [
                0.0,
                0.0,
                -1.234375,
                -0.84375,
                -0.578125,
                -0.375,
                -0.171875,
                -0.03125,
                0.0,
                -0.015625,
                -0.109375,
                -0.265625,
                -0.46875,
                -0.734375,
                -1.1875,
                -0.0
            ]
        },
        "4": {
            "split_points": [
                -3.3125,
                -3.0,
                -2.5,
                -2.0625,
                -1.6875,
                -1.375,
                -0.75,
                -0.25,
                0.125,
                0.625,
                1.0,
                1.5,
                1.875,
                2.375,
                3.0
            ],
            "coeff": [
                0.0,
                0.0,
                -0.40625,
                -0.25,
                -0.125,
                -0.0,
                0.15625,
                0.34375,
                0.484375,
                0.625,
                0.765625,
                0.921875,
                1.0625,
                1.203125,
                1.390625,
                1.0
            ],
            "bias": [
                0.0,
                0.0,
                -1.234375,
                -0.84375,
                -0.578125,
                -0.375,
                -0.171875,
                -0.03125,
                0.0,
                -0.015625,
                -0.109375,
                -0.265625,
                -0.46875,
                -0.734375,
                -1.1875,
                -0.0
            ]
        },
        "5": {
            "split_points": [
                -3.3125,
                -3.0,
                -2.46875,
                -2.0625,
                -1.6875,
                -1.34375,
                -0.75,
                -0.21875,
                0.125,
                0.59375,
                1.03125,
                1.53125,
                1.875,
                2.375,
                3.0
            ],
            "coeff": [
                0.0,
                0.0,
                -0.40625,
                -0.25,
                -0.125,
                -0.0,
                0.15625,
                0.34375,
                0.484375,
                0.625,
                0.765625,
                0.921875,
                1.0625,
                1.203125,
                1.390625,
                1.0
            ],
            "bias": [
                0.0,
                0.0,
                -1.234375,
                -0.84375,
                -0.578125,
                -0.375,
                -0.171875,
                -0.03125,
                0.0,
                -0.015625,
                -0.109375,
                -0.265625,
                -0.46875,
                -0.734375,
                -1.1875,
                -0.0
            ]
        },