{
    "hswish": {
        "0": {
            "breakpoints": [
                -3.0,
                -2.0,
                -1.0,
                -0.0,
                1.0,
                2.0,
                3.0
            ],
            "slopes": [
                -0.0,
                -0.328125,
                -0.015625,
                0.296875,
                0.625,
                0.953125,
                1.296875,
                1.0
            ],
            "intercept": [
                -0.0,
                -1.0,
                -0.375,
                -0.03125,
                0.015625,
                -0.28125,
                -0.921875,
                0.0
            ]
        },
        "1": {
            "breakpoints": [
                -3.0,
                -2.0,
                -1.0,
                -0.0,
                1.0,
                2.0,
                3.0
            ],
            "slopes": [
                -0.0,
                -0.328125,
                -0.015625,
                0.296875,
                0.625,
                0.953125,
                1.296875,
                1.0
            ],
            "intercept": [
                -0.0,
                -1.0,
                -0.375,
                -0.03125,
                0.015625,
                -0.28125,
                -0.921875,
                0.0
            ]
        },
        "2": {
            "breakpoints": [
                -3.0,
                -2.0,
                -1.0,
                -0.0,
                1.0,
                2.0,
                3.0
            ],
            "slopes": [
                -0.0,
                -0.328125,
                -0.015625,
                0.296875,
                0.625,
                0.953125,
                1.296875,
                1.0
            ],
            "intercept": [
                -0.0,
                -1.0,
                -0.375,
                -0.03125,
                0.015625,
                -0.28125,
                -0.921875,
                0.0
            ]
        },
        "3": {
            "breakpoints": [
                -3.0,
                -2.0,
                -1.125,
                -0.125,
                0.875,
                1.875,
                3.0
            ],
            "slopes": [
                -0.0,
                -0.328125,
                -0.015625,
                0.296875,
                0.625,
                0.953125,
                1.296875,
                1.0
            ],
            "intercept": [
                -0.0,
                -1.0,
                -0.375,
                -0.03125,
                0.015625,
                -0.28125,
                -0.921875,
                0.0
            ]
        },
        "4": {
            "breakpoints": [
                -3.0,
                -2.0,
                -1.125,
                -0.125,
                0.875,
                1.875,
                3.0
            ],
            "slopes": [
                -0.0,
                -0.328125,
                -0.015625,
                0.296875,
                0.625,
                0.953125,
                1.296875,
                1.0
            ],
            "intercept": [
                -0.0,
                -1.0,
                -0.375,
                -0.03125,
                0.015625,
                -0.28125,
                -0.921875,
                0.0
            ]
        },
        "5": {
            "breakpoints": [
                -3.0,
                -2.0,
                -1.125,
                -0.125,
                0.875,
                1.875,
                3.03125
            ],
            "slopes": [
                -0.0,
                -0.328125,
                -0.015625,
                0.296875,
                0.625,
                0.953125,
                1.296875,
                1.0
            ],
            "intercept": [
                -0.0,
                -1.0,
                -0.375,
                -0.03125,
                0.015625,
                -0.28125,
                -0.921875,
                0.0
            ]
        },
        "6": {
            "breakpoints": [
                -2.984375,
                -2.0,
                -1.125,
                -0.125,
                0.875,
                1.875,
                3.03125
            ],
            "slopes": [
                -0.0,
                -0.328125,
                -0.015625,
                0.296875,
                0.625,
                0.953125,
                1.296875,
                1.0
            ],
            "intercept": [
                -0.0,
                -1.0,
                -0.375,
                -0.03125,
                0.015625,
                -0.28125,
                -0.921875,
                0.0
            ]
        }
    }
}