{
    "sqrt_reci": {
        "0": {
            "split_points": [
                0.0,
                0.0,
                0.0,
                0.0,
                1.0,
                1.0,
                1.0,
                1.0,
                1.0,
                1.0,
                2.0,
                2.0,
                3.0,
                4.0,
                4.0
            ],
            "coeff": [
                -3.625,
                -2.71875,
                -2.0625,
                -1.6875,
                -1.296875,
                -1.0,
                -0.75,
                -0.546875,
                -0.46875,
                -0.359375,
                -0.28125,
                -0.21875,
                -0.140625,
                -0.09375,
                -0.0625,
                -0.0625
            ],
            "bias": [
                2.90625,
                2.640625,
                2.40625,
                2.25,
                2.0625,
                1.890625,
                1.71875,
                1.546875,
                1.46875,
                1.34375,
                1.234375,
                1.140625,
                0.984375,
                0.859375,
                0.78125,
                0.765625
            ]
        },
        "1": {
            "split_points": [
                0.5,
                0.5,
                0.5,
                0.5,
                0.5,
                0.5,
                1.0,
                1.0,
                1.0,
                1.5,
                1.5,
                2.0,
                2.5,
                3.5,
                4.0
            ],
            "coeff": [
                -3.625,
                -2.71875,
                -2.0625,
                -1.6875,
                -1.296875,
                -1.0,
                -0.75,
                -0.546875,
                -0.46875,
                -0.359375,
                -0.28125,
                -0.21875,
                -0.140625,
                -0.09375,
                -0.0625,
                -0.0625
            ],
            "bias": [
                2.90625,
                2.640625,
                2.40625,
                2.25,
                2.0625,
                1.890625,
                1.71875,
                1.546875,
                1.46875,
                1.34375,
                1.234375,
                1.140625,
                0.984375,
                0.859375,
                0.78125,
                0.765625
            ]
        },
        "2": {
            "split_points": [
                0.25,
                0.25,
                0.5,
                0.5,
                0.5,
                0.75,
                0.75,
                1.0,
                1.0,
                1.5,
                1.5,
                2.0,
                2.75,
                3.75,
                3.75
            ],
            "coeff": [
                -3.625,
                -2.71875,
                -2.0625,
                -1.6875,
                -1.296875,
                -1.0,
                -0.75,
                -0.546875,
                -0.46875,
                -0.359375,
                -0.28125,
                -0.21875,
                -0.140625,
                -0.09375,
                -0.0625,
                -0.0625
            ],
            "bias": [
                2.90625,
                2.640625,
                2.40625,
                2.25,
                2.0625,
                1.890625,
                1.71875,
                1.546875,
                1.46875,
                1.34375,
                1.234375,
                1.140625,
                0.984375,
                0.859375,
                0.78125,
                0.765625
            ]
        },
        "3": {
            "split_points": [
                0.25,
                0.375,
                0.375,
                0.5,
                0.625,
                0.625,
                0.875,
                1.0,
                1.125,
                1.375,
                1.5,
                2.0,
                2.625,
                3.75,
                3.75
            ],
            "coeff": [
                -3.625,
                -2.71875,
                -2.0625,
                -1.6875,
                -1.296875,
                -1.0,
                -0.75,
                -0.546875,
                -0.46875,
                -0.359375,
                -0.28125,
                -0.21875,
                -0.140625,
                -0.09375,
                -0.0625,
                -0.0625
            ],
            "bias": [
                2.90625,
                2.640625,
                2.40625,
                2.25,
                2.0625,
                1.890625,
                1.71875,
                1.546875,
                1.46875,
                1.34375,
                1.234375,
                1.140625,
                0.984375,
                0.859375,
                0.78125,
                0.765625
            ]
        },
        "4": {
            "split_points": [
                0.3125,
                0.375,
                0.4375,
                0.5,
                0.5625,
                0.6875,
                0.875,
                1.0,
                1.125,
                1.375,
                1.5,
                2.0,
                2.625,
                3.75,
                3.75
            ],
            "coeff": [
                -3.625,
                -2.71875,
                -2.0625,
                -1.6875,
                -1.296875,
                -1.0,
                -0.75,
                -0.546875,
                -0.46875,
                -0.359375,
                -0.28125,
                -0.21875,
                -0.140625,
                -0.09375,
                -0.0625,
                -0.0625
            ],
            "bias": [
                2.90625,
                2.640625,
                2.40625,
                2.25,
                2.0625,
                1.890625,
                1.71875,
                1.546875,
                1.46875,
                1.34375,
                1.234375,
                1.140625,
                0.984375,
                0.859375,
                0.78125,
                0.765625
            ]
        },
        "5": {
            "split_points": [
                0.28125,
                0.375,
                0.40625,
                0.46875,
                0.59375,
                0.6875,
                0.875,
                1.0,
                1.09375,
                1.40625,
                1.53125,
                2.03125,
                2.625,
                3.75,
                3.75
            ],
            "coeff": [
                -3.625,
                -2.71875,
                -2.0625,
                -1.6875,
                -1.296875,
                -1.0,
                -0.75,
                -0.546875,
                -0.46875,
                -0.359375,
                -0.28125,
                -0.21875,
                -0.140625,
                -0.09375,
                -0.0625,
                -0.0625
            ],
            "bias": [
                2.90625,
                2.640625,
                2.40625,
                2.25,
                2.0625,
                1.890625,
                1.71875,
                1.546875,
                1.46875,
                1.34375,
                1.234375,
                1.140625,
                0.984375,
                0.859375,
                0.78125,
                0.765625
            ]
        }
    }
}