{
    "sqrt_reci": {
        "0": {
            "split_points": [
                0.0,
                1.0,
                1.0,
                1.0,
                2.0,
                2.0,
                2.0
            ],
            "coeff": [
                -3.015625,
                -1.6875,
                -0.96875,
                -0.578125,
                -0.34375,
                -0.21875,
                -0.15625,
                -0.09375
            ],
            "bias": [
                2.75,
                2.265625,
                1.875,
                1.578125,
                1.328125,
                1.140625,
                1.015625,
                0.859375
            ]
        },
        "1": {
            "split_points": [
                0.5,
                0.5,
                1.0,
                1.0,
                1.5,
                2.0,
                2.5
            ],
            "coeff": [
                -3.015625,
                -1.6875,
                -0.96875,
                -0.578125,
                -0.34375,
                -0.21875,
                -0.15625,
                -0.09375
            ],
            "bias": [
                2.75,
                2.265625,
                1.875,
                1.578125,
                1.328125,
                1.140625,
                1.015625,
                0.859375
            ]
        },
        "2": {
            "split_points": [
                0.25,
                0.5,
                0.75,
                1.0,
                1.5,
                2.0,
                2.5
            ],
            "coeff": [
                -3.015625,
                -1.6875,
                -0.96875,
                -0.578125,
                -0.34375,
                -0.21875,
                -0.15625,
                -0.09375
            ],
            "bias": [
                2.75,
                2.265625,
                1.875,
                1.578125,
                1.328125,
                1.140625,
                1.015625,
                0.859375
            ]
        },
        "3": {
            "split_points": [
                0.375,
                0.5,
                0.75,
                1.125,
                1.5,
                2.0,
                2.5
            ],
            "coeff": [
                -3.015625,
                -1.6875,
                -0.96875,
                -0.578125,
                -0.34375,
                -0.21875,
                -0.15625,
                -0.09375
            ],
            "bias": [
                2.75,
                2.265625,
                1.875,
                1.578125,
                1.328125,
                1.140625,
                1.015625,
                0.859375
            ]
        },
        "4": {
            "split_points": [
                0.375,
                0.5625,
                0.75,
                1.0625,
                1.5,
                2.0,
                2.5
            ],
            "coeff": [
                -3.015625,
                -1.6875,
                -0.96875,
                -0.578125,
                -0.34375,
                -0.21875,
                -0.15625,
                -0.09375
            ],
            "bias": [
                2.75,
                2.265625,
                1.875,
                1.578125,
                1.328125,
                1.140625,
                1.015625,
                0.859375
            ]
        },
        "5": {
            "split_points": [
                0.375,
                0.53125,
                0.75,
                1.09375,
                1.53125,
                1.96875,
                2.5
            ],
            "coeff": [
                -3.015625,
                -1.6875,
                -0.96875,
                -0.578125,
                -0.34375,
                -0.21875,
                -0.15625,
                -0.09375
            ],
            "bias": [
                2.75,
                2.265625,
                1.875,
                1.578125,
                1.328125,
                1.140625,
                1.015625,
                0.859375
            ]
        }
    }
}